<?xml version="1.0" encoding="UTF-8"?>
<beans xmlns="http://www.springframework.org/schema/beans"
	xmlns:xsi="http://www.w3.org/2001/XMLSchema-instance" 
	xmlns:mvc="http://www.springframework.org/schema/mvc"
	xmlns:context="http://www.springframework.org/schema/context"
	xsi:schemaLocation="http://www.springframework.org/schema/mvc http://www.springframework.org/schema/mvc/spring-mvc.xsd
		http://www.springframework.org/schema/beans http://www.springframework.org/schema/beans/spring-beans.xsd
		http://www.springframework.org/schema/context http://www.springframework.org/schema/context/spring-context.xsd">

	<bean id="multipartResolver"
		class="org.springframework.web.multipart.commons.CommonsMultipartResolver">
	</bean>

	<context:component-scan base-package="com.hm" />
	<mvc:resources mapping="/static/**" location="/static/" />

	<mvc:annotation-driven />

 
	<bean class="org.springframework.web.servlet.view.XmlViewResolver">
		<property name="location">
			<value>/WEB-INF/excel-view.xml</value>
		</property>
	</bean>

	
<bean
		class="org.springframework.web.servlet.view.InternalResourceViewResolver">
		<property name="prefix" value="/WEB-INF/views/" />
		<property name="suffix" value=".jsp" />
		
	</bean>

	<bean id="dataSource" name="dataSource"
		class="org.springframework.jdbc.datasource.DriverManagerDataSource">
		<property name="driverClassName" value="org.gjt.mm.mysql.Driver" />
		<property name="url" value="jdbc:mysql://localhost:3306/hotelmanagement" />
		<property name="username" value="root" />
		<property name="password" value="prodesign" />
	</bean>
	<bean id="jdbcTemplate" name="jdbcTemplate"
		class="org.springframework.jdbc.core.JdbcTemplate">
		<property name="dataSource">
			<ref bean="dataSource" />
		</property>
	</bean>
	<bean id="dbProps"
		class="org.springframework.beans.factory.config.PropertiesFactoryBean">
		<property name="location" value="classpath:sqlQueries.properties" />
	</bean>
</beans>